[
  {
    "question": "Türkiye'nin başkenti neresidir?",
    "options": [
      "Ankara",
      "İstanbul",
      "İzmir",
      "Bursa"
    ],
    "correctAnswer": "Ankara"
  },
  {
    "question": "1 kilogram kaç gramdır?",
    "options": [
      "100",
      "1000",
      "10",
      "500"
    ],
    "correctAnswer": "1000"
  },
  {
    "question": "Güneş hangi renkte görünür?",
    "options": [
      "Sarı",
      "Mavi",
      "Kırmızı",
      "Yeşil"
    ],
    "correctAnswer": "Sarı"
  },
  {
    "question": "Kış mevsiminde genellikle ne olur?",
    "options": [
      "Sıcaklık düşer",
      "Ağaçlar çiçek açar",
      "Hava çok sıcak olur",
      "Güneş hiç doğmaz"
    ],
    "correctAnswer": "Sıcaklık düşer"
  },
  {
    "question": "Elma hangi renkte olabilir?",
    "options": [
      "Mavi",
      "Kırmızı",
      "Mor",
      "Siyah"
    ],
    "correctAnswer": "Kırmızı"
  },
  {
    "question": "Bir haftada kaç gün vardır?",
    "options": [
      "5",
      "7",
      "10",
      "12"
    ],
    "correctAnswer": "7"
  },
  {
    "question": "Hangi hayvan havlar?",
    "options": [
      "Kedi",
      "Kuş",
      "Köpek",
      "At"
    ],
    "correctAnswer": "Köpek"
  },
  {
    "question": "Su kaç derecede donar?",
    "options": [
      "100 °C",
      "50 °C",
      "0 °C",
      "-10 °C"
    ],
    "correctAnswer": "0 °C"
  },
  {
    "question": "Türk alfabesinde kaç harf vardır?",
    "options": [
      "26",
      "33",
      "29",
      "30"
    ],
    "correctAnswer": "29"
  },
  {
    "question": "Ay'da hava var mı?",
    "options": [
      "Evet",
      "Hayır",
      "Bazen",
      "Sadece gece"
    ],
    "correctAnswer": "Hayır"
  },
  {
    "question": "İstanbul hangi kıtada yer alır?",
    "options": [
      "Afrika",
      "Güney Amerika",
      "Avrupa ve Asya",
      "Avustralya"
    ],
    "correctAnswer": "Avrupa ve Asya"
  },
  {
    "question": "Karpuz hangi mevsimde yetişir?",
    "options": [
      "Kış",
      "İlkbahar",
      "Yaz",
      "Sonbahar"
    ],
    "correctAnswer": "Yaz"
  },
  {
    "question": "Hangi içecek sıcak içilir?",
    "options": [
      "Limonata",
      "Ayran",
      "Çay",
      "Soğuk su"
    ],
    "correctAnswer": "Çay"
  },
  {
    "question": "Kedi hangi hayvandır?",
    "options": [
      "Memeli",
      "Kuş",
      "Sürüngen",
      "Balık"
    ],
    "correctAnswer": "Memeli"
  },
  {
    "question": "En büyük sayı hangisidir? (1, 10, 5, 7)",
    "options": [
      "10",
      "1",
      "5",
      "7"
    ],
    "correctAnswer": "10"
  },
  {
    "question": "Hangi gün hafta sonudur?",
    "options": [
      "Çarşamba",
      "Pazartesi",
      "Cumartesi",
      "Salı"
    ],
    "correctAnswer": "Cumartesi"
  },
  {
    "question": "En kısa ay hangisidir?",
    "options": [
      "Mart",
      "Ocak",
      "Nisan",
      "Şubat"
    ],
    "correctAnswer": "Şubat"
  },
  {
    "question": "Gökkuşağında kaç renk vardır?",
    "options": [
      "5",
      "6",
      "7",
      "8"
    ],
    "correctAnswer": "7"
  },
  {
    "question": "Hangi meyve yuvarlaktır?",
    "options": [
      "Portakal",
      "Muz",
      "Karpuz",
      "Elma"
    ],
    "correctAnswer": "Portakal"
  },
  {
    "question": "Suyun rengi nedir?",
    "options": [
      "Mavi",
      "Kırmızı",
      "Sarı",
      "Renksiz"
    ],
    "correctAnswer": "Renksiz"
  }
]
