[
  {
    "question": "Dünyanın en uzun nehri hangisidir?",
    "options": [
      "Amazon",
      "Nil",
      "Mississippi",
      "Yangtze"
    ],
    "correctAnswer": "Nil"
  },
  {
    "question": "Hangi gezegen 'Kızıl Gezegen' olarak bilinir?",
    "options": [
      "Jüpiter",
      "Satürn",
      "Mars",
      "Venüs"
    ],
    "correctAnswer": "Mars"
  },
  {
    "question": "İstanbul Boğazı hangi iki denizi birbirine bağlar?",
    "options": [
      "Akdeniz ve Ege Denizi",
      "Marmara ve Karadeniz",
      "Kızıldeniz ve Akdeniz",
      "Hazar Denizi ve Karadeniz"
    ],
    "correctAnswer": "Marmara ve Karadeniz"
  },
  {
    "question": "Hangi yıl Türkiye Cumhuriyeti kuruldu?",
    "options": [
      "1945",
      "1918",
      "1923",
      "1930"
    ],
    "correctAnswer": "1923"
  },
  {
    "question": "En küçük asal sayı nedir?",
    "options": [
      "3",
      "5",
      "1",
      "2"
    ],
    "correctAnswer": "2"
  },
  {
    "question": "DNA neyin kısaltmasıdır?",
    "options": [
      "Ribonükleik Asit",
      "Protein",
      "Deoksiribonükleik Asit",
      "Enzim"
    ],
    "correctAnswer": "Deoksiribonükleik Asit"
  },
  {
    "question": "Hangi ülke Avrupa'dadır?",
    "options": [
      "Avustralya",
      "Japonya",
      "Brezilya",
      "Fransa"
    ],
    "correctAnswer": "Fransa"
  },
  {
    "question": "Kıta nedir?",
    "options": [
      "Deniz",
      "Büyük kara parçası",
      "Okyanus",
      "Ada"
    ],
    "correctAnswer": "Büyük kara parçası"
  },
  {
    "question": "Yaz mevsimi hangi aylarda olur?",
    "options": [
      "Haziran, Temmuz, Ağustos",
      "Eylül, Ekim, Kasım",
      "Mart, Nisan, Mayıs",
      "Aralık, Ocak, Şubat"
    ],
    "correctAnswer": "Haziran, Temmuz, Ağustos"
  },
  {
    "question": "Hangi gezegenin halkası vardır?",
    "options": [
      "Venüs",
      "Satürn",
      "Mars",
      "Merkür"
    ],
    "correctAnswer": "Satürn"
  },
  {
    "question": "En çok konuşulan dil hangisidir?",
    "options": [
      "İngilizce",
      "Mandarince",
      "Hintçe",
      "İspanyolca"
    ],
    "correctAnswer": "Mandarince"
  },
  {
    "question": "Türkiye'nin en yüksek dağı hangisidir?",
    "options": [
      "Ağrı Dağı",
      "Erciyes",
      "Uludağ",
      "Palandöken"
    ],
    "correctAnswer": "Ağrı Dağı"
  },
  {
    "question": "Altının kimyasal sembolü nedir?",
    "options": [
      "Ag",
      "Au",
      "Fe",
      "Cu"
    ],
    "correctAnswer": "Au"
  },
  {
    "question": "İnsanda kaç tane duyu organı vardır?",
    "options": [
      "3",
      "5",
      "7",
      "10"
    ],
    "correctAnswer": "5"
  },
  {
    "question": "Dünya kaç günde Güneş etrafında döner?",
    "options": [
      "24",
      "365",
      "30",
      "100"
    ],
    "correctAnswer": "365"
  },
  {
    "question": "Mona Lisa tablosunun ressamı kimdir?",
    "options": [
      "Michelangelo",
      "Leonardo da Vinci",
      "Vincent van Gogh",
      "Pablo Picasso"
    ],
    "correctAnswer": "Leonardo da Vinci"
  },
  {
    "question": "Gök gürültüsü neden olur?",
    "options": [
      "Deniz dalgaları",
      "Yıldırımın hava ile çarpışması",
      "Yağmurun sesi",
      "Rüzgarın sesi"
    ],
    "correctAnswer": "Yıldırımın hava ile çarpışması"
  },
  {
    "question": "Ay tutulması ne zaman olur?",
    "options": [
      "Güneş tutulması sırasında",
      "Ay Dünya'nın gölgesine girdiğinde",
      "Yeni ayda",
      "Dolunayda"
    ],
    "correctAnswer": "Ay Dünya'nın gölgesine girdiğinde"
  },
  {
    "question": "Deniz suyunun tadı nasıldır?",
    "options": [
      "Tatlı",
      "Acı",
      "Tuzlu",
      "Ekşi"
    ],
    "correctAnswer": "Tuzlu"
  },
  {
    "question": "Hangi canlı fotosentez yapar?",
    "options": [
      "Mantarlar",
      "Bitkiler",
      "Hayvanlar",
      "Bakteriler"
    ],
    "correctAnswer": "Bitkiler"
  },
  {
    "question": "Hangi gezegen güneş sisteminde en büyüktür?",
    "options": [
      "Mars",
      "Venüs",
      "Jüpiter",
      "Satürn"
    ],
    "correctAnswer": "Jüpiter"
  },
  {
    "question": "İnsan vücudunda en büyük organ hangisidir?",
    "options": [
      "Kalp",
      "Beyin",
      "Deri",
      "Karaciğer"
    ],
    "correctAnswer": "Deri"
  },
  {
    "question": "Hangi element periyodik tabloda 'Fe' sembolü ile gösterilir?",
    "options": [
      "Flor",
      "Demir",
      "Fosfor",
      "Fermiyum"
    ],
    "correctAnswer": "Demir"
  },
  {
    "question": "Hangi ülke hem Asya hem Avrupa kıtasındadır?",
    "options": [
      "Türkiye",
      "Mısır",
      "Rusya",
      "İran"
    ],
    "correctAnswer": "Türkiye"
  },
  {
    "question": "DNA'nın açılımı nedir?",
    "options": [
      "Deoksiribo Nükleik Asit",
      "Deoksi Nitrik Asit",
      "Deoksi Nüklear Asit",
      "Deoksi Nitro Asit"
    ],
    "correctAnswer": "Deoksiribo Nükleik Asit"
  },
  {
    "question": "Hangi vitamin güneş ışığından alınır?",
    "options": [
      "A Vitamini",
      "B Vitamini",
      "C Vitamini",
      "D Vitamini"
    ],
    "correctAnswer": "D Vitamini"
  },
  {
    "question": "İnsan vücudunda kaç kemik vardır?",
    "options": [
      "206",
      "186",
      "216",
      "196"
    ],
    "correctAnswer": "206"
  },
  {
    "question": "Hangi element periyodik tabloda 'Au' sembolü ile gösterilir?",
    "options": [
      "Gümüş",
      "Altın",
      "Bakır",
      "Alüminyum"
    ],
    "correctAnswer": "Altın"
  }
]
