[
  {
    "question": "Einstein'ın görecelik teorisi hangi kavramla ilgilidir?",
    "options": [
      "Zaman",
      "Kütle",
      "Enerji",
      "Hepsi"
    ],
    "correctAnswer": "Hepsi"
  },
  {
    "question": "Osmanlı Devleti ilk anayasasını hangi yıl ilan etti?",
    "options": [
      "1908",
      "1923",
      "1876",
      "1839"
    ],
    "correctAnswer": "1876"
  },
  {
    "question": "İnsan vücudundaki en uzun kemik hangisidir?",
    "options": [
      "Kafatası",
      "Kol kemiği",
      "Kaval kemiği",
      "Uyluk kemiği"
    ],
    "correctAnswer": "Uyluk kemiği"
  },
  {
    "question": "Türkiye NATO'ya ne zaman katıldı?",
    "options": [
      "1923",
      "1952",
      "1908",
      "1839"
    ],
    "correctAnswer": "1952"
  },
  {
    "question": "Plank sabiti hangi fizik alanında kullanılır?",
    "options": [
      "Klasik mekanik",
      "Termodinamik",
      "Kuantum fiziği",
      "Elektromanyetizma"
    ],
    "correctAnswer": "Kuantum fiziği"
  },
  {
    "question": "Radyonun mucidi kimdir?",
    "options": [
      "Guglielmo Marconi",
      "Nikola Tesla",
      "Thomas Edison",
      "Alexander Graham Bell"
    ],
    "correctAnswer": "Guglielmo Marconi"
  },
  {
    "question": "Pisa Kulesi hangi ülkededir?",
    "options": [
      "Fransa",
      "İtalya",
      "İspanya",
      "Almanya"
    ],
    "correctAnswer": "İtalya"
  },
  {
    "question": "En büyük asal sayı nedir? (bilinen)",
    "options": [
      "104729",
      "1009",
      "7919",
      "Belirli değil"
    ],
    "correctAnswer": "Belirli değil"
  },
  {
    "question": "İlk Türk kadın pilot kimdir?",
    "options": [
      "Sabiha Gökçen",
      "Latife Uşşaki",
      "Halide Edip",
      "Feriha Tevfik"
    ],
    "correctAnswer": "Sabiha Gökçen"
  },
  {
    "question": "Kuantum fiziği neyle ilgilenir?",
    "options": [
      "Gezegen hareketleri",
      "Atom altı parçacıklar",
      "Kimyasal reaksiyonlar",
      "Bitki fotosentezi"
    ],
    "correctAnswer": "Atom altı parçacıklar"
  },
  {
    "question": "Napolyon hangi ülkenin lideriydi?",
    "options": [
      "İtalya",
      "İngiltere",
      "Fransa",
      "Almanya"
    ],
    "correctAnswer": "Fransa"
  },
  {
    "question": "Atom numarası 79 olan element hangisidir?",
    "options": [
      "Demir",
      "Gümüş",
      "Bakır",
      "Altın"
    ],
    "correctAnswer": "Altın"
  },
  {
    "question": "İlk yazılı kanunlar hangi uygarlığa aittir?",
    "options": [
      "Roma",
      "Mısır",
      "Babil",
      "Yunan"
    ],
    "correctAnswer": "Babil"
  },
  {
    "question": "Hangi gezegen en soğuktur?",
    "options": [
      "Mars",
      "Merkür",
      "Venüs",
      "Neptün"
    ],
    "correctAnswer": "Neptün"
  },
  {
    "question": "Kangurular hangi kıtaya özgüdür?",
    "options": [
      "Avustralya",
      "Afrika",
      "Asya",
      "Güney Amerika"
    ],
    "correctAnswer": "Avustralya"
  },
  {
    "question": "Nobel ödülleri hangi ülkede verilir?",
    "options": [
      "Norveç",
      "İsveç",
      "ABD",
      "Almanya"
    ],
    "correctAnswer": "İsveç"
  },
  {
    "question": "Çernobil faciası hangi ülkede yaşandı?",
    "options": [
      "Ukrayna",
      "Rusya",
      "Beyaz Rusya",
      "Polonya"
    ],
    "correctAnswer": "Ukrayna"
  },
  {
    "question": "Higgs bozonu hangi parçacık hızlandırıcıda keşfedildi?",
    "options": [
      "SLAC",
      "Fermilab",
      "Tevatron",
      "CERN - LHC"
    ],
    "correctAnswer": "CERN - LHC"
  },
  {
    "question": "İlk bilgisayar ne zaman üretildi?",
    "options": [
      "1950'ler",
      "1920'ler",
      "1940'lar",
      "1930'lar"
    ],
    "correctAnswer": "1940'lar"
  },
  {
    "question": "Einstein Nobel'i hangi konuda aldı?",
    "options": [
      "Fotoelektrik etki",
      "Görecelik teorisi",
      "Kuantum mekaniği",
      "Termodinamik"
    ],
    "correctAnswer": "Fotoelektrik etki"
  },
  {
    "question": "Hangi element periyodik tabloda 'U' sembolü ile gösterilir?",
    "options": [
      "Uranyum",
      "Uran",
      "Ununbiyum",
      "Ununoktiyum"
    ],
    "correctAnswer": "Uranyum"
  },
  {
    "question": "İnsan DNA'sı kaç kromozom çiftinden oluşur?",
    "options": [
      "21",
      "22",
      "23",
      "24"
    ],
    "correctAnswer": "23"
  },
  {
    "question": "Hangi vitamin suda çözünmez?",
    "options": [
      "A Vitamini",
      "B Vitamini",
      "C Vitamini",
      "D Vitamini"
    ],
    "correctAnswer": "A Vitamini"
  },
  {
    "question": "Hangi gezegen güneş sisteminde en sıcaktır?",
    "options": [
      "Merkür",
      "Venüs",
      "Mars",
      "Jüpiter"
    ],
    "correctAnswer": "Venüs"
  },
  {
    "question": "İnsan beyninin yaklaşık yüzde kaçı sudan oluşur?",
    "options": [
      "60%",
      "70%",
      "80%",
      "90%"
    ],
    "correctAnswer": "80%"
  },
  {
    "question": "Hangi element periyodik tabloda 'W' sembolü ile gösterilir?",
    "options": [
      "Wolfram",
      "Tungsten",
      "Wolframyum",
      "Tungstenyum"
    ],
    "correctAnswer": "Wolfram"
  },
  {
    "question": "İnsan vücudunda en çok bulunan element hangisidir?",
    "options": [
      "Karbon",
      "Hidrojen",
      "Oksijen",
      "Azot"
    ],
    "correctAnswer": "Oksijen"
  },
  {
    "question": "Hangi vitamin vücutta depolanmaz?",
    "options": [
      "A Vitamini",
      "D Vitamini",
      "E Vitamini",
      "C Vitamini"
    ],
    "correctAnswer": "C Vitamini"
  },
  {
    "question": "Hangi gezegen güneş sisteminde en hızlı döner?",
    "options": [
      "Merkür",
      "Venüs",
      "Mars",
      "Jüpiter"
    ],
    "correctAnswer": "Jüpiter"
  },
  {
    "question": "İnsan DNA'sı yaklaşık kaç genden oluşur?",
    "options": [
      "10-15 bin",
      "20-25 bin",
      "30-35 bin",
      "40-45 bin"
    ],
    "correctAnswer": "20-25 bin"
  }
]
