{
  "project_info": {
    "project_number": "619943053254",
    "project_id": "cultureapp-7e44e",
    "storage_bucket": "cultureapp-7e44e.firebasestorage.app"
  },
  "client": [
    {
      "client_info": {
        "mobilesdk_app_id": "1:619943053254:android:5a4f04e14c307c0ab914c7",
        "android_client_info": {
          "package_name": "com.example.bilgiyarismasi"
        }
      },
      "oauth_client": [],
      "api_key": [
        {
          "current_key": "AIzaSyCSgqORdwpOyepK3Hux2nnFCJpUq8cM7Hc"
        }
      ],
      "services": {
        "appinvite_service": {
          "other_platform_oauth_client": []
        }
      }
    }
  ],
  "configuration_version": "1"
}